"Date","Value"
2016-09-11,621.65
2016-09-12,609.67
2016-09-13,610.92
2016-09-14,608.82
2016-09-15,610.38
2016-09-16,609.11
2016-09-17,607.04
2016-09-18,611.58
2016-09-19,610.19
2016-09-20,608.66
2016-09-21,598.88
2016-09-22,597.42
2016-09-23,594.08
2016-09-24,603.88
2016-09-25,601.74
2016-09-26,598.98
2016-09-27,605.96
2016-09-28,605.67
2016-09-29,603.85
2016-09-30,609.39
2016-10-01,614.82
2016-10-02,612.98
2016-10-03,611.85
2016-10-04,609.62
2016-10-05,607.18
2016-10-06,612.08
2016-10-07,617.21
2016-10-08,614.74
2016-10-09,615.65
2016-10-10,617.54
2016-10-11,614.77
2016-10-12,635.01
2016-10-13,635.96
2016-10-14,634.02
2016-10-15,637.94
2016-10-16,641.42
2016-10-17,638.97
2016-10-18,636.29
2016-10-19,629.25
2016-10-20,627.72
2016-10-21,631.92
2016-10-22,655.48
2016-10-23,653.25
2016-10-24,651.39
2016-10-25,655.31
2016-10-26,651.45
2016-10-27,682.22
2016-10-28,687.68
2016-10-29,685.91
2016-10-30,698
2016-10-31,702
2016-11-01,697.01
2016-11-02,733.33
2016-11-03,686.17
2016-11-04,683.69
2016-11-05,704.79
2016-11-06,712
2016-11-07,709.96
2016-11-08,708.97
2016-11-09,720.93
2016-11-10,721.5
2016-11-11,715.45
2016-11-12,703.71
2016-11-13,702.28
2016-11-14,706.46
2016-11-15,710.91
2016-11-16,711.73
2016-11-17,736.96
2016-11-18,747.52
2016-11-19,748.98
2016-11-20,729.06
2016-11-21,738.53
2016-11-22,736.97
2016-11-23,741.63
2016-11-24,737.45
2016-11-25,735.64
2016-11-26,733.67
2016-11-27,727.96
2016-11-28,727.31
2016-11-29,732.71
2016-11-30,742.69
2016-12-01,742.05
2016-12-02,772.43
2016-12-03,764.33
2016-12-04,762.97
2016-12-05,754.63
2016-12-06,756.62
2016-12-07,758.99
2016-12-08,769.72
2016-12-09,770.02
2016-12-10,769.08
2016-12-11,777
2016-12-12,777
2016-12-13,777.99
2016-12-14,774.89
2016-12-15,776.75
2016-12-16,775.88
2016-12-17,788.7
2016-12-18,788.4
2016-12-19,788.67
2016-12-20,793.09
2016-12-21,824.21
2016-12-22,834.97
2016-12-23,901.31
2016-12-24,891.61
2016-12-25,892.6
2016-12-26,897.33
2016-12-27,930.37
2016-12-28,930.34
2016-12-29,963.38
2016-12-30,952.15
2016-12-31,958.12
2017-01-01,997.72
2017-01-02,1015.97
2017-01-03,1013.42
2017-01-04,1126.76
2017-01-05,994.67
2017-01-06,999.65
2017-01-07,896.83
2017-01-08,908.14
2017-01-09,910.49
2017-01-10,906.05
2017-01-11,785.22
2017-01-12,780.92
2017-01-13,826.29
2017-01-14,817.91
2017-01-15,819.55
2017-01-16,830.5
2017-01-17,903.84
2017-01-18,906.6
2017-01-19,895.798875
2017-01-20,893.6210875
2017-01-21,895.64
2017-01-22,918.603625
2017-01-23,922.0736125
2017-01-24,919.97
2017-01-25,893.045625
2017-01-26,915.95625
2017-01-27,915.05
2017-01-28,920.31225
2017-01-29,915.933
2017-01-30,912.19
2017-01-31,964.706075
2017-02-01,979.703875
2017-02-02,983.42
2017-02-03,1013.027
2017-02-04,1030.999413
2017-02-05,1034.07
2017-02-06,1024.01375
2017-02-07,1050.11
2017-02-08,1052.84
2017-02-09,976.103
2017-02-10,999.1035
2017-02-11,997.59
2017-02-12,1000.604625
2017-02-13,999.877375
2017-02-14,1001.2
2017-02-15,1012.325988
2017-02-16,1035.208125
2017-02-17,1035.2
2017-02-18,1056.637138
2017-02-19,1052.779286
2017-02-20,1050.87
2017-02-21,1123.788429
2017-02-22,1123.223188
2017-02-23,1130.01
2017-02-24,1174.86625
2017-02-25,1150.605714
2017-02-26,1150.37
2017-02-27,1190.75195
2017-02-28,1187.565286
2017-03-01,1190.89
2017-03-02,1259.410817
2017-03-03,1285.14
2017-03-04,1287
2017-03-05,1270.9333
2017-03-06,1275.197375
2017-03-07,1279.5
2017-03-08,1157.3933
2017-03-09,1192.469143
2017-03-10,1192.09
2017-03-11,1179.159875
2017-03-12,1227.494625
2017-03-13,1227.68
2017-03-14,1245.370786
2017-03-15,1257.399625
2017-03-16,1257
2017-03-17,1091.171888
2017-03-18,952.2323625
2017-03-19,967.69
2017-03-20,1049.084488
2017-03-21,1118.630043
2017-03-22,1113
2017-03-23,1038.789
2017-03-24,941.9197143
2017-03-25,927.93
2017-03-26,956.7863125
2017-03-27,1037.22925
2017-03-28,1041.04
2017-03-29,1040.5755
2017-03-30,1037.90455
2017-03-31,1034.74
2017-04-01,1086.929571
2017-04-02,1099.169125
2017-04-03,1079.99
2017-04-04,1141.600363
2017-04-05,1133.079314
2017-04-06,1133.53
2017-04-07,1190.45425
2017-04-08,1181.149838
2017-04-09,1184.03
2017-04-10,1207.744875
2017-04-11,1226.617038
2017-04-12,1219.09
2017-04-13,1180.023713
2017-04-14,1185.260057
2017-04-15,1170.36
2017-04-16,1186.927413
2017-04-17,1205.634875
2017-04-18,1176.97
2017-04-19,1217.930088
2017-04-20,1241.686325
2017-04-21,1236.63
2017-04-22,1261.311225
2017-04-23,1257.988113
2017-04-24,1240.84
2017-04-25,1279.414688
2017-04-26,1309.109875
2017-04-27,1288.02
2017-04-28,1331.294429
2017-04-29,1334.979038
2017-04-30,1333
2017-05-01,1417.172813
2017-05-02,1452.076288
2017-05-03,1447.55
2017-05-04,1508.292125
2017-05-05,1533.335071
2017-05-06,1518.75
2017-05-07,1535.868429
2017-05-08,1640.619225
2017-05-09,1651.1
2017-05-10,1762.88625
2017-05-11,1820.990563
2017-05-12,1829
2017-05-13,1771.920013
2017-05-14,1776.3165
2017-05-15,1780
2017-05-16,1739.031975
2017-05-17,1807.485063
2017-05-18,1783.98
2017-05-19,1961.520488
2017-05-20,2052.909788
2017-05-21,2008.84
2017-05-22,2090.662313
2017-05-23,2287.710288
2017-05-24,2256.32
2017-05-25,2387.206286
2017-05-26,2211.976857
2017-05-27,2279.82
2017-05-28,2192.9808
2017-05-29,2275.9307
2017-05-30,2290.02
2017-05-31,2285.933914
2017-06-01,2399.242671
2017-06-02,2409.93
2017-06-03,2525.765158
2017-06-04,2516.173143
2017-06-05,2529.53
2017-06-06,2883.313697
2017-06-07,2664.920863
2017-06-08,2683.03
2017-06-09,2827.4913
2017-06-10,2845.372857
2017-06-11,2898.63
2017-06-12,2657.675063
2017-06-13,2748.185086
2017-06-14,2706
2017-06-15,2442.48025
2017-06-16,2464.959814
2017-06-17,2477.94
2017-06-18,2507.389252
2017-06-19,2617.210263
2017-06-20,2600
2017-06-21,2671.04325
2017-06-22,2727.288013
2017-06-23,2713.48
2017-06-24,2589.164888
2017-06-25,2512.366286
2017-06-26,2502.03
2017-06-27,2517.903114
2017-06-28,2585.349186
2017-06-29,2558.3
2017-06-30,2477.641375
2017-07-01,2501.191343
2017-07-02,2421.26
2017-07-03,2561.225429
2017-07-04,2599.729838
2017-07-05,2598.89
2017-07-06,2609.96775
2017-07-07,2491.201214
2017-07-08,2502.86
2017-07-09,2536.238938
2017-07-10,2366.170143
2017-07-11,2327.09
2017-07-12,2385.748571
2017-07-13,2354.783417
2017-07-14,2338.49
2017-07-15,2058.9956
2017-07-16,1931.2143
2017-07-17,1910.96
2017-07-18,2320.12225
2017-07-19,2264.7657
2017-07-20,2265.21
2017-07-21,2682.195363
2017-07-22,2807.609857
2017-07-23,2825.51
2017-07-24,2751.821029
2017-07-25,2560.997917
2017-07-26,2564.3
2017-07-27,2647.625
2017-07-28,2781.636583
2017-07-29,2784.8
2017-07-30,2745.955417
2017-07-31,2866.431667
2017-08-01,2862.9
2017-08-02,2693.633983
2017-08-03,2794.117717
2017-08-04,2790
2017-08-05,3218.115017
2017-08-06,3252.562533
2017-08-07,3210.2
2017-08-08,3457.374333
2017-08-09,3357.326317
2017-08-10,3340.28
2017-08-11,3632.506667
2017-08-12,3852.802914
2017-08-13,3868.52
2017-08-14,4282.992
2017-08-15,4217.028329
2017-08-16,4179.97
2017-08-17,4328.725717
2017-08-18,4130.440067
2017-08-19,4104.71
2017-08-20,4157.958033
2017-08-21,4043.722
2017-08-22,3986.28
2017-08-23,4174.95
2017-08-24,4340.316717
2017-08-25,4331.77
2017-08-26,4360.513317
2017-08-27,4354.308333
2017-08-28,4339.05
2017-08-29,4607.98545
2017-08-30,4594.98785
2017-08-31,4582.52
2017-09-01,4911.740017
2017-09-02,4580.38748
2017-09-03,4585.57
2017-09-04,4344.098317
2017-09-05,4488.72014
2017-09-06,4385.02
2017-09-07,4654.6585
2017-09-08,4310.750183
2017-09-09,4312.26
2017-09-10,4329.955
2017-09-11,4248.090017
2017-09-12,4198.59
2017-09-13,3961.271267
2017-09-14,3319.63
2017-09-15,3216.43
2017-09-16,3763.62604
2017-09-17,3746.060783
2017-09-18,3678.53
2017-09-19,3943.413333
2017-09-20,3977.561667
2017-09-21,3894.48
2017-09-22,3637.50255
2017-09-23,3776.3869
2017-09-24,3777.62
2017-09-25,3942.555
2017-09-26,3910.307383
2017-09-27,3881
2017-09-28,4201.98905
2017-09-29,4193.574667
2017-09-30,4164.27
2017-10-01,4360.722967
2017-10-02,4386.88375
2017-10-03,4394.07
2017-10-04,4225.175
2017-10-05,4338.852
2017-10-06,4318.58
2017-10-07,4376.191667
2017-10-08,4602.280883
2017-10-09,4605.66
2017-10-10,4782.28
2017-10-11,4819.485767
2017-10-12,4822.17
2017-10-13,5563.806567
2017-10-14,5739.438733
2017-10-15,5825.99
2017-10-16,5711.205867
2017-10-17,5603.71294
2017-10-18,5594.66
2017-10-19,5727.6335
2017-10-20,5979.45984
2017-10-21,5986.44
2017-10-22,5983.18455
2017-10-23,5876.079867
2017-10-24,5900.59
2017-10-25,5669.622533
2017-10-26,5893.138417
2017-10-27,5889.82
2017-10-28,5776.69695
2017-10-29,6155.43402
2017-10-30,6136.49
2017-10-31,6388.645167
2017-11-01,6665.306683
2017-11-02,6751.98
2017-11-03,7197.72006
2017-11-04,7437.543317
2017-11-05,7365.99
2017-11-06,6989.071667
2017-11-07,7092.127233
2017-11-08,7128.64
2017-11-09,7158.03706
2017-11-10,6719.39785
2017-11-11,6569.22
2017-11-12,5716.301583
2017-11-13,6550.227533
2017-11-14,6493.63
2017-11-15,7301.42992
2017-11-16,7815.0307
2017-11-17,7868.77
2017-11-18,7817.140383
2017-11-19,8007.654067
2017-11-20,8049.72
2017-11-21,8059.8
2017-11-22,8268.035
2017-11-23,8236.72
2017-11-24,8250.978333
2017-11-25,8707.407267
2017-11-26,8768.8
2017-11-27,9718.29505
2017-11-28,9952.50882
2017-11-29,9919
2017-11-30,10147.372
2017-12-01,10883.912
2017-12-02,10879.88
2017-12-03,11332.622
2017-12-04,11584.83
2017-12-05,11591.22
2017-12-06,13540.98
2017-12-07,16501.97167
2017-12-08,16860.88
2017-12-09,15142.83415
2017-12-10,14869.805
2017-12-11,15068.95
2017-12-12,17276.39333
2017-12-13,16808.36667
2017-12-14,16252.31
2017-12-15,17771.9
2017-12-16,19498.68333
2017-12-17,19279.9
2017-12-18,18961.85667
2017-12-19,17737.11167
2017-12-20,17382.94
2017-12-21,16047.51
2017-12-22,15190.945
2017-12-23,13776.61
2017-12-24,13949.175
2017-12-25,14119.02833
2017-12-26,13740.94
2017-12-27,15589.32167
2017-12-28,14380.58167
2017-12-29,14214.01
2017-12-30,13215.574
2017-12-31,14165.575
2018-01-01,13796
2018-01-02,15005.85667
2018-01-03,15053.26167
2018-01-04,15039.24
2018-01-05,17174.12
2018-01-06,17319.198
2018-01-07,17155.95
2018-01-08,15265.90667
2018-01-09,14714.25333
2018-01-10,14437.42
2018-01-11,13296.794
2018-01-12,13912.882
2018-01-13,13791.19
2018-01-14,13852.92
2018-01-15,14012.196
2018-01-16,13554.14
2018-01-17,11116.94667
2018-01-18,11345.42333
2018-01-19,11174.82
2018-01-20,12950.79333
2018-01-21,11505.228
2018-01-22,11513.42
2018-01-23,11223.064
2018-01-24,11282.25833
2018-01-25,11392.03
2018-01-26,10969.815
2018-01-27,11524.77667
2018-01-28,11431.37
2018-01-29,11212.655
2018-01-30,10184.06167
2018-01-31,10082.52
2018-02-01,9083.258333
2018-02-02,8901.901667
2018-02-03,8852.73
2018-02-04,8400.648333
2018-02-05,6838.816667
2018-02-06,6925.46
2018-02-07,8099.958333
2018-02-08,8240.536667
2018-02-09,8245.08
2018-02-10,8319.876566
2018-02-11,8343.455
2018-02-12,8068.02
2018-02-13,8597.7675
2018-02-14,9334.633333
2018-02-15,9471.64
2018-02-16,10127.16167
2018-02-17,10841.99167
2018-02-18,11085.83
2018-02-19,11110.965
2018-02-20,11390.39167
2018-02-21,11245.98
2018-02-22,9931.071667
2018-02-23,10162.11667
2018-02-24,10171.3
2018-02-25,9696.593333
2018-02-26,10348.60333
2018-02-27,10319.46
2018-02-28,10370.165
2018-03-01,11009.38167
2018-03-02,10931.12
2018-03-03,11326.94833
2018-03-04,11430.18167
2018-03-05,11516.83
2018-03-06,10763.19833
2018-03-07,10118.058
2018-03-08,9920.46
2018-03-09,9089.278333
2018-03-10,8746.002
2018-03-11,8777.37
2018-03-12,9182.843333
2018-03-13,9154.7
2018-03-14,9153.54
2018-03-15,8358.121667
2018-03-16,8530.402
2018-03-17,8297.89
2018-03-18,8171.415
2018-03-19,8412.033333
2018-03-20,8605.64
2018-03-21,8947.753333
2018-03-22,8690.408333
2018-03-23,8725.37
2018-03-24,8662.378333
2018-03-25,8617.296667
2018-03-26,8457.96
2018-03-27,7876.195
2018-03-28,7960.38
2018-03-29,7950.61
2018-03-30,6882.531667
2018-03-31,6935.48
2018-04-01,6937.56
2018-04-02,7035.848333
2018-04-03,7410.435
2018-04-04,7426.48
2018-04-05,6826.51
2018-04-06,6603.876667
2018-04-07,6634.68
2018-04-08,7017.656667
2018-04-09,6699.273333
2018-04-10,6784.41
2018-04-11,6926.266667
2018-04-12,7847.845
2018-04-13,7941.46
2018-04-14,8036.511051
2018-04-15,8340.748333
2018-04-16,8368.1
2018-04-17,7895.416926
2018-04-18,8164.937426
2018-04-19,8175.96
2018-04-20,8852.718333
2018-04-21,8807.205
2018-04-22,8930.6
2018-04-23,8933.861667
2018-04-24,9555.542
2018-04-25,9658.11
2018-04-26,9258.398333
2018-04-27,9010.32
2018-04-28,8928.55
2018-04-29,9334.281667
2018-04-30,9259.57
2018-05-01,9239.55
2018-05-02,9221.426
2018-05-03,9639.268333
2018-05-04,9753.35
2018-05-05,9803.306667
2018-05-06,9630.136277
2018-05-07,9631.44
2018-05-08,9228.608333
2018-05-09,9322.041667
2018-05-10,9310.37
2018-05-11,8468.788
2018-05-12,8484.346667
2018-05-13,8463.52
2018-05-14,8652.038333
2018-05-15,8511.458
2018-05-16,8471.06
2018-05-17,8106.118333
2018-05-18,8240.055
2018-05-19,8239.08
2018-05-20,8507.406667
2018-05-21,8385.556187
2018-05-22,8396.63
2018-05-23,7555.74
2018-05-24,7566.193333
2018-05-25,7576.78
2018-05-26,7342.908333
2018-05-27,7361.831667
2018-05-28,7344.56
2018-05-29,7459.876667
2018-05-30,7385.395
2018-05-31,7386.72
2018-06-01,7535.146667
2018-06-02,7645.146667
2018-06-03,7637.14
2018-06-04,7500.273333
2018-06-05,7615.722142
2018-06-06,7619.43
2018-06-07,7676.271667
2018-06-08,7620.153333
2018-06-09,7615.54
2018-06-10,6776.888333
2018-06-11,6875.678333
2018-06-12,6879.31
2018-06-13,6315.7
2018-06-14,6647.013333
2018-06-15,6637.41
2018-06-16,6509.426667
2018-06-17,6464.411667
2018-06-18,6445.79
2018-06-19,6737
2018-06-20,6714.718333
2018-06-21,6760.83
2018-06-22,6332.573333
2018-06-23,6141.605833
2018-06-24,6170.46
2018-06-25,6211.4475
2018-06-26,6218.595
2018-06-27,6097.46
2018-06-28,6107.896154
2018-06-29,5908.7025
2018-06-30,6223.28
2018-07-01,6374.754167
2018-07-02,6466.069167
2018-07-03,6626.44
2018-07-04,6593.289167
2018-07-05,6603.376667
2018-07-06,6555.51
2018-07-07,6594.281667
2018-07-08,6753.559167
2018-07-09,6724.04
2018-07-10,6510.791667
2018-07-11,6377.363333
2018-07-12,6403.18
2018-07-13,6244.3575
2018-07-14,6241
2018-07-15,6248.84
2018-07-16,6514.390833
2018-07-17,6869.910833
2018-07-18,7321.62
2018-07-19,7396.401667
2018-07-20,7428.045
2018-07-21,7334.99
2018-07-22,7451.289167
2018-07-23,7689.884167
2018-07-24,7715.1
2018-07-25,8251.165
2018-07-26,8187.324167
2018-07-27,7939.81
2018-07-28,8182.251667
2018-07-29,8206.341667
2018-07-30,8220.91
2018-07-31,7916.800833
2018-08-01,7570.869167
2018-08-02,7607.7
2018-08-03,7394.499167
2018-08-04,7247.769167
2018-08-05,7011.28
2018-08-06,6988.079167
2018-08-07,6993.513333
2018-08-08,6718.23
2018-08-09,6396.7725
2018-08-10,6396.494667
2018-08-11,6138.96
2018-08-12,6311.131667
2018-08-13,6347.07
2018-08-14,6252.13
2018-08-15,6362.676923
2018-08-16,6342.629231
2018-08-17,6312.75
2018-08-18,6436.720833
2018-08-19,6404.063333
2018-08-20,6486.58
2018-08-21,6401.246154
2018-08-22,6575.229167
2018-08-23,6354.57
2018-08-24,6543.645714
2018-08-25,6719.429231
2018-08-26,6738.27
2018-08-27,6719.266154
2018-08-28,7000.04
2018-08-29,7078.19
2018-08-30,6932.6625
2018-08-31,6981.946154
2018-09-01,7018.78
2018-09-02,7247.935385
2018-09-03,7260.949231
2018-09-04,7265.08
2018-09-05,7113.069231
2018-09-06,6433.271667
2018-09-07,6501.19
2018-09-08,6366.1075
2018-09-09,6286.425833
2018-09-10,6240.98
2018-09-11,6296.320833
2018-09-12,6273.1375
2018-09-13,6326.04
2018-09-14,6499.0625
2018-09-15,6518.655
2018-09-16,6522.39
2018-09-17,6400.600833
2018-09-18,6296.631667
2018-09-19,6342.39
2018-09-20,6418.562667
2018-09-21,6669.990833
2018-09-22,6756.12
2018-09-23,6710.445
2018-09-24,6639.304167
2018-09-25,6583.45
2018-09-26,6468.631667
2018-09-27,6535.476667
2018-09-28,6686.08
2018-09-29,6550.474167
2018-09-30,6593.135
2018-10-01,6611.02
2018-10-02,6562.641667
2018-10-03,6470.4025
2018-10-04,6483.73
2018-10-05,6568.549167
2018-10-06,6581.486667
2018-10-07,6573.62
2018-10-08,6618.567692
2018-10-09,6621.711667
2018-10-10,6626.85
2018-10-11,6248.635833
2018-10-12,6260.530833
2018-10-13,6247
2018-10-14,6299.399167
2018-10-15,6452.571667
2018-10-16,6599.17
2018-10-17,6596.276154
2018-10-18,6568.040769
2018-10-19,6509.61
2018-10-20,6488.825833
2018-10-21,6531.601667
2018-10-22,6504.78
2018-10-23,6481.426
2018-10-24,6508.31
2018-10-25,6489.77
2018-10-26,6473.753333
2018-10-27,6465.9175
2018-10-28,6457.21
2018-10-29,6382.668333
2018-10-30,6309.452857
2018-10-31,6301.61
2018-11-01,6342.280833
2018-11-02,6387.674167
2018-11-03,6390.42
2018-11-04,6391.873333
2018-11-05,6436.965
2018-11-06,6437.76
2018-11-07,6538.79
2018-11-08,6486.251667
2018-11-09,6444.97
2018-11-10,6399.033333
2018-11-11,6378.268333
2018-11-12,6408.53
2018-11-13,6372.063333
2018-11-14,6176.155
2018-11-15,5756.77
2018-11-16,5596.1925
2018-11-17,5558.243333
2018-11-18,5572.44
2018-11-19,5303.9425
2018-11-20,4671.97
2018-11-21,4491.98
2018-11-22,4548.7975
2018-11-23,4309.3375
2018-11-24,4352.98
2018-11-25,3823.511667
2018-11-26,3920.536667
2018-11-27,3793.35
2018-11-28,4103.453846
2018-11-29,4263.783333
2018-11-30,4278.77
2018-12-01,4116.7775
2018-12-02,4167.546667
2018-12-03,4140.6
2018-12-04,3961.493333
2018-12-05,3858.349167
2018-12-06,3744.98
2018-12-07,3405.643333
2018-12-08,3435.34
2018-12-09,3453.66
2018-12-10,3523.96
2018-12-11,3426.19
2018-12-12,3407.28
2018-12-13,3406.7625
2018-12-14,3278.374167
2018-12-15,3242.42
2018-12-16,3271.238333
2018-12-17,3392.405
2018-12-18,3556.54
2018-12-19,3808.0425
2018-12-20,3982.850833
2018-12-21,4135.19
2018-12-22,3910.973333
2018-12-23,4027.478333
2018-12-24,3995.17
2018-12-25,3813.88
2018-12-26,3825.379167
2018-12-27,3848.21
2018-12-28,3743.905
2018-12-29,3912.285833
2018-12-30,3770.36
2018-12-31,3791.545833
2019-01-01,3752.271667
2019-01-02,3855.88
2019-01-03,3865.7975
2019-01-04,3822.626667
2019-01-05,3856.62
2019-01-06,3920.456667
2019-01-07,4036.093333
2019-01-08,4032.25
2019-01-09,4034.138333
2019-01-10,3812.585833
2019-01-11,3646.25
2019-01-12,3646.345833
2019-01-13,3599.841667
2019-01-14,3531.96
2019-01-15,3656.785
2019-01-16,3621.270833
2019-01-17,3621.43
2019-01-18,3632.395
2019-01-19,3690.523333
2019-01-20,3703.98
2019-01-21,3548.4275
2019-01-22,3540.02
2019-01-23,3587.35
2019-01-24,3566.4
2019-01-25,3586.25
2019-01-26,3577.79
2019-01-27,3576.3
2019-01-28,3554.5
2019-01-29,3448.58
2019-01-30,3421.6
2019-01-31,3470
2019-02-01,3444.81
2019-02-02,3475.33
2019-02-03,3506.22
2019-02-04,3456.02
2019-02-05,3452.35
2019-02-06,3467.34
2019-02-07,3405.7
2019-02-08,3394.76
2019-02-09,3661.08
2019-02-10,3664.38
2019-02-11,3686.29
2019-02-12,3629.47
2019-02-13,3632.42
2019-02-14,3614.5
2019-02-15,3600.31
2019-02-16,3608.2
2019-02-17,3619.55
2019-02-18,3670.74
2019-02-19,3910.8
2019-02-20,3926.53
2019-02-21,3987.18
2019-02-22,3944.88
2019-02-23,3983.48
2019-02-24,4139.6
2019-02-25,3766.89
2019-02-26,3848.33
2019-02-27,3831.45
2019-02-28,3833.23
2019-03-01,3850.08
2019-03-02,3834.62
2019-03-03,3831.44
2019-03-04,3814.58
2019-03-05,3730.98
2019-03-06,3872.25
2019-03-07,3876.85
2019-03-08,3886.82
2019-03-09,3875.96
2019-03-10,3950.56
2019-03-11,3928.17
2019-03-12,3881.09
2019-03-13,3892.51
2019-03-14,3877.77
2019-03-15,3885.21
2019-03-16,3936.5
2019-03-17,4015.95
2019-03-18,3994.92
2019-03-19,3998.77
2019-03-20,4029.11
2019-03-21,4056.4
2019-03-22,3992.34
2019-03-23,3999.06
2019-03-24,4011.92
2019-03-25,3994.11
2019-03-26,3935.89
2019-03-27,3947.74
2019-03-28,4048.51
2019-03-29,4037.37
2019-03-30,4115.55
2019-03-31,4114.44
2019-04-01,4114.16
2019-04-02,4152.53
2019-04-03,4882.88
2019-04-04,4959.81
2019-04-05,4911.24
2019-04-06,5028.77
2019-04-07,5053.52
2019-04-08,5189.39
2019-04-09,5268.71
2019-04-10,5175.81
2019-04-11,5310.18
2019-04-12,5035.02
2019-04-13,5072.85
2019-04-14,5064.62
2019-04-15,5152.51
2019-04-16,5036.18
2019-04-17,5196.65
2019-04-18,5220.37
2019-04-19,5276.31
2019-04-20,5277.04
2019-04-21,5309.28
2019-04-22,5281.83
2019-04-23,5377.19
2019-04-24,5518.16
2019-04-25,5434.19
2019-04-26,5195.61
2019-04-27,5292.83
2019-04-28,5280.19
2019-04-29,5301.29
2019-04-30,5260.65
2019-05-01,5269.79
2019-05-02,5326.67
2019-05-03,5390.16
2019-05-04,5657.14
2019-05-05,5771.08
2019-05-06,5717.66
2019-05-07,5684.47
2019-05-08,5755.72
2019-05-09,5936.72
2019-05-10,6146.91
2019-05-11,6348.02
2019-05-12,7248.31
2019-05-13,6978.63
2019-05-14,7823.11
2019-05-15,7992.69
2019-05-16,8206.9
2019-05-17,7885.96
2019-05-18,7362.22
2019-05-19,7265.05
2019-05-20,8193.7
2019-05-21,8007.03
2019-05-22,7952.5
2019-05-23,7625.93
2019-05-24,7880.29
2019-05-25,8003.26
2019-05-26,8071.45
2019-05-27,8744.42
2019-05-28,8770.06
2019-05-29,8719.88
2019-05-30,8662.98
2019-05-31,8272.46
2019-06-01,8553.81
2019-06-02,8554.8
2019-06-03,8739.03
2019-06-04,8134.92
2019-06-05,7675.8
2019-06-06,7786.04
2019-06-07,7803.23
2019-06-08,7998.29
2019-06-09,7931.34
2019-06-10,7640.61
2019-06-11,8020.38
2019-06-12,7917.58
2019-06-13,8173.06
2019-06-14,8237.88
2019-06-15,8693.6
2019-06-16,8859.47
2019-06-17,8978.99
2019-06-18,9327.48
2019-06-19,9076.18
2019-06-20,9281.7
2019-06-21,9531.35
2019-06-22,10209.38
2019-06-23,10668.63
2019-06-24,10814.48
2019-06-25,11017.5
2019-06-26,11766.4
2019-06-27,12932.55
2019-06-28,11132.85
2019-06-29,12374.35
2019-06-30,11890.38
2019-07-01,10737.73
2019-07-02,10578.72
2019-07-03,10805.4
2019-07-04,11984.76
2019-07-05,11160.49
2019-07-06,10955.16
2019-07-07,11232.04
2019-07-08,11477.01
2019-07-09,12313.08
2019-07-10,12586.78
2019-07-11,12099.9
2019-07-12,11352.87
2019-07-13,11803.97
2019-07-14,11389.1
2019-07-15,10186.96
2019-07-16,10873.5
2019-07-17,9397.72
2019-07-18,9674.28
2019-07-19,10638.56
2019-07-20,10535.75
2019-07-21,10764.9
2019-07-22,10587.41
2019-07-23,10323.62
2019-07-24,9844.3
2019-07-25,9772.17
2019-07-26,9875.17
2019-07-27,9848.65
2019-07-28,9473.99
2019-07-29,9530
2019-07-30,9501.33
2019-07-31,9589.13
2019-08-01,10084.7
2019-08-02,10407.17
2019-08-03,10529.55
2019-08-04,10814.57
2019-08-05,10980.23
2019-08-06,11787.99
2019-08-07,11465.67
2019-08-08,11960.82
2019-08-09,11996.41
2019-08-10,11856.64
2019-08-11,11282.22
2019-08-12,11566.84
2019-08-13,11386.26
2019-08-14,10858.12
2019-08-15,10016.96
2019-08-16,10302.17
2019-08-17,10359.44
2019-08-18,10214.52
2019-08-19,10317.6
2019-08-20,10917.26
2019-08-21,10760.56
2019-08-22,10129.4
2019-08-23,10111.98
2019-08-24,10405.81
2019-08-25,10143.8
2019-08-26,10135.06
2019-08-27,10360.28
2019-08-28,10171.95
2019-08-29,9717.82
2019-08-30,9484.55
2019-08-31,9577.99
2019-09-01,9600.9
2019-09-02,9769.79
2019-09-03,10386.64
2019-09-04,10621.29
2019-09-05,10584.16
2019-09-06,10577.8
2019-09-07,10317.47
2019-09-08,10487.21
2019-09-09,10406.31
2019-09-10,10313.66
2019-09-11,10101.03
2019-09-12,10159.32
2019-09-13,10420.16
2019-09-14,10363.9
2019-09-15,10361.33
2019-09-16,10310.43
2019-09-17,10265.63
2019-09-18,10190.36
2019-09-19,10157.59
2019-09-20,10275.88
2019-09-21,10173.11
2019-09-22,9979.49
2019-09-23,10033.05
2019-09-24,9683.38
2019-09-25,8553.61
2019-09-26,8432.23
2019-09-27,8055.64
2019-09-28,8193.9
2019-09-29,8225
2019-09-30,8056.74
2019-10-01,8307.74
2019-10-02,8322.92
2019-10-03,8382.03
2019-10-04,8236.17
2019-10-05,8155.48
2019-10-06,8147.69
2019-10-07,7869.74
2019-10-08,8212.02
2019-10-09,8190
2019-10-10,8587.92
2019-10-11,8586.9
2019-10-12,8269.73
2019-10-13,8308.01
2019-10-14,8283.76
2019-10-15,8353.54
2019-10-16,8162.16
2019-10-17,8002.51
2019-10-18,8076.78
2019-10-19,7954.15
2019-10-20,7960.04
2019-10-21,8231.06
2019-10-22,8222.52
2019-10-23,8026.76
2019-10-24,7469.56
2019-10-25,7431.88
2019-10-26,8666.79
2019-10-27,9259.8
2019-10-28,9551.54
2019-10-29,9218.76
2019-10-30,9433.35
2019-10-31,9164.62
2019-11-01,9147.98
2019-11-02,9252.99
2019-11-03,9301.18
2019-11-04,9206.16
2019-11-05,9418.05
2019-11-06,9310.19
2019-11-07,9343.34
2019-11-08,9204.24
2019-11-09,8766.04
2019-11-10,8809.41
2019-11-11,9037.12
2019-11-12,8717.81
2019-11-13,8801.52
2019-11-14,8762.42
2019-11-15,8632.32
2019-11-16,8457.69
2019-11-17,8482.7
2019-11-18,8503.93
2019-11-19,8175.99
2019-11-20,8120.8
2019-11-21,8081.81
2019-11-22,7617.07
2019-11-23,7286.35
2019-11-24,7324.03
2019-11-25,6907.4
2019-11-26,7130.25
2019-11-27,7163.63
2019-11-28,7523.83
2019-11-29,7431
2019-11-30,7757.47
2019-12-01,7557.72
2019-12-02,7402.69
2019-12-03,7309.59
2019-12-04,7296.77
2019-12-05,7192.85
2019-12-06,7395.97
2019-12-07,7547.19
2019-12-08,7504.83
2019-12-09,7522.39
2019-12-10,7337.42
2019-12-11,7220.76
2019-12-12,7202.31
2019-12-13,7189.16
2019-12-14,7251.87
2019-12-15,7067.74
2019-12-16,7111.14
2019-12-17,6879.54
2019-12-18,6612.12
2019-12-19,7284.29
2019-12-20,7150.86
2019-12-21,7190.17
2019-12-22,7143.2
2019-12-23,7514.41
2019-12-24,7322.08
2019-12-25,7250.69
2019-12-26,7192.72
2019-12-27,7194.4
2019-12-28,7243.93
2019-12-29,7301.07
2019-12-30,7385.36
2019-12-31,7219.6
2020-01-01,7168.31
2020-01-02,7175.68
2020-01-03,6944.33
2020-01-04,7326.35
2020-01-05,7347.89
2020-01-06,7351.57
2020-01-07,7759.24
2020-01-08,8165.47
2020-01-09,8042.65
2020-01-10,7817.92
2020-01-11,8184.66
2020-01-12,8021.49
2020-01-13,8173.97
2020-01-14,8105.24
2020-01-15,8842.42
2020-01-16,8813.89
2020-01-17,8722.03
2020-01-18,8900.34
2020-01-19,8910.85
2020-01-20,8703.36
2020-01-21,8626.47
2020-01-22,8722.26
2020-01-23,8658.94
2020-01-24,8388.11
2020-01-25,8428.17
2020-01-26,8327.36
2020-01-27,8588.42
2020-01-28,8895.78
2020-01-29,9385.69
2020-01-30,9279.81
2020-01-31,9502.37
2020-02-01,9333.77
2020-02-02,9378.09
2020-02-03,9314.56
2020-02-04,9162.14
2020-02-05,9162.14
2020-02-06,9614.9
2020-02-07,9755.66
2020-02-08,9807.54
2020-02-09,9907.12
2020-02-10,10162.41
2020-02-11,9854.79
2020-02-12,10275.38
2020-02-13,10354.3
2020-02-14,10242.43
2020-02-15,10368.53
2020-02-16,9904.17
2020-02-17,9937.67
2020-02-18,9703.93
2020-02-19,10180.65
2020-02-20,9604.72
2020-02-21,9606.86
2020-02-22,9696.58
2020-02-23,9669.63
2020-02-24,9989.39
2020-02-25,9663.75
2020-02-26,9309.15
2020-02-27,8785.52
2020-02-28,8804.72
2020-02-29,8712.35
2020-03-01,8534.17
2020-03-02,8912.82
2020-03-03,8912.82
2020-03-04,8754.34
2020-03-05,8758.9
2020-03-06,9067.39
2020-03-07,9155.89
2020-03-08,8898.63
2020-03-09,8039.38
2020-03-10,7931.94
2020-03-11,7885.46
2020-03-12,7936.65
2020-03-13,4830.21
2020-03-14,5609.03
2020-03-15,5166.26
2020-03-16,5348.44
2020-03-17,5026.35
2020-03-18,5357.61
2020-03-19,5410.23
2020-03-20,6195.2
2020-03-21,6226.44
2020-03-22,6189.85
2020-03-23,5822.62
2020-03-24,6502.16
2020-03-25,6768.49
2020-03-26,6698.46
2020-03-27,6763.75
2020-03-28,6369.09
2020-03-29,6260.95
2020-03-30,5885.41
2020-03-31,6405.29
2020-04-01,6428.28
2020-04-02,6652.87
2020-04-03,6809.11
2020-04-04,6741.67
2020-04-05,6871.69
2020-04-06,6777.44
2020-04-07,7343.2
2020-04-08,7205.55
2020-04-09,7365.03
2020-04-10,7293.69
2020-04-11,6873.24
2020-04-12,6891.6
2020-04-13,6915.37
2020-04-14,6857.66
2020-04-15,6871.95
2020-04-16,6623.8
2020-04-17,7112.27
2020-04-18,7034.89
2020-04-19,7259.36
2020-04-20,7130.04
2020-04-21,6840.24
2020-04-22,6852.52
2020-04-23,7130.99
2020-04-24,7477.6
2020-04-25,7507.08
2020-04-26,7549.52
2020-04-27,7699.27
2020-04-28,7790.66
2020-04-29,7765.33
2020-04-30,8777.63
2020-05-01,8628.77
2020-05-02,8824.66
2020-05-03,8973.82
2020-05-04,8903.95
2020-05-05,8885.93
2020-05-06,9030.96
2020-05-07,9170.79
2020-05-08,10002.48
2020-05-09,9821.8
2020-05-10,9527.39
2020-05-11,8754.46
2020-05-12,8617.25
2020-05-13,8814.53
2020-05-14,9305.93
2020-05-15,9790.31
2020-05-16,9303.59
2020-05-17,9385.7
2020-05-18,9669.4
2020-05-19,9719.37
2020-05-20,9785.74
2020-05-21,9510.67
2020-05-22,9057.57
2020-05-23,9167.26
2020-05-24,9178.32
2020-05-25,8730.73
2020-05-26,8899.66
2020-05-27,8842.85
2020-05-28,9197.54
2020-05-29,9569.21
2020-05-30,9425.98
2020-05-31,9698.1
2020-06-01,9450.84
2020-06-02,10204.23
2020-06-03,9525.57
2020-06-04,9658.04
2020-06-05,9794.56
2020-06-06,9623.75
2020-06-07,9670.43
2020-06-08,9753.85
2020-06-09,9782.59
2020-06-10,9775.15
2020-06-11,9892.13
2020-06-12,9286.42
2020-06-13,9459.97
2020-06-14,9473.5
2020-06-15,9330.07
2020-06-16,9426.7
2020-06-17,9526
2020-06-18,9454.81
2020-06-19,9380.03
2020-06-20,9300.15
2020-06-21,9357.43
2020-06-22,9284.78
2020-06-23,9691.9
2020-06-24,9621.49
2020-06-25,9276.58
2020-06-26,9240.85
2020-06-27,9154.45
2020-06-28,9004.23
2020-06-29,9127.47
2020-06-30,9185.35
2020-07-01,9133.97
2020-07-02,9236.38
2020-07-03,9087.98
2020-07-04,9072.42
2020-07-05,9131.31
2020-07-06,9089.09
2020-07-07,9348.91
2020-07-08,9256.23
2020-07-09,9440.07
2020-07-10,9238.04
2020-07-11,9287.4
2020-07-12,9235.96
2020-07-13,9295.9
2020-07-14,9238.13
2020-07-15,9254.52
2020-07-16,9193.51
2020-07-17,9131
2020-07-18,9154.19
2020-07-19,9174.71
2020-07-20,9214.66
2020-07-21,9163.87
2020-07-22,9392.66
2020-07-23,9537.4
2020-07-24,9613.11
2020-07-25,9551.28
2020-07-26,9707.5
2020-07-27,9938.83
2020-07-28,11042.4
2020-07-29,10934.94
2020-07-30,11102.67
2020-07-31,11114.93
2020-08-01,11343.88
2020-08-02,11823.69
2020-08-03,11077.77
2020-08-04,11242.57
2020-08-05,11194.25
2020-08-06,11750.28
2020-08-07,11772.94
2020-08-08,11605.6
2020-08-09,11767.6
2020-08-10,11684.06
2020-08-11,11893.03
2020-08-12,11392.43
2020-08-13,11573.11
2020-08-14,11777.43
2020-08-15,11774.38
2020-08-16,11873.98
2020-08-17,11914.01
2020-08-18,12293.72
2020-08-19,11969.53
2020-08-20,11734
2020-08-21,11865.82
2020-08-22,11522.8
2020-08-23,11683.44
2020-08-24,11653.02
2020-08-25,11763.93
2020-08-26,11337.4
2020-08-27,11467.37
2020-08-28,11302.01
2020-08-29,11534.75
2020-08-30,11481.64
2020-08-31,11707.78
2020-09-01,11659.57
2020-09-02,11923.25
2020-09-03,11397.44
2020-09-04,10187.51
2020-09-05,10467.89
2020-09-06,10159.62
2020-09-07,10254.93
2020-09-08,10367.74
2020-09-09,10121.52
2020-09-10,10227.83
2020-09-11,10352.66
2020-09-12,10395.44
2020-09-13,10446.44
2020-09-14,10330.77
2020-09-15,10674.64
2020-09-16,10785.62
2020-09-17,10948.43
2020-09-18,10943.89
2020-09-19,10931.79
2020-09-20,11081.43
2020-09-21,10919.65
2020-09-22,10430.46
2020-09-23,10532.22
2020-09-24,10234.48
2020-09-25,10732.43
2020-09-26,10692.84
2020-09-27,10732.4
2020-09-28,10774.24
2020-09-29,10692.33
2020-09-30,10840.8
2020-10-01,10777.92
2020-10-02,10619.24
2020-10-03,10575.06
2020-10-04,10551.77
2020-10-05,10673.46
2020-10-06,10788.56
2020-10-07,10603.74
2020-10-08,10670.8
2020-10-09,10923.3
2020-10-10,11063.19
2020-10-11,11302.67
2020-10-12,11376.61
2020-10-13,11540.04
2020-10-14,11428.24
2020-10-15,11431.32
2020-10-16,11503.73
2020-10-17,11327.57
2020-10-18,11366.51
2020-10-19,11508.2
2020-10-20,11758.16
2020-10-21,11925.46
2020-10-22,12831.56
2020-10-23,12990.25
2020-10-24,12944.52
2020-10-25,13128.46
2020-10-26,13036.77
2020-10-27,13076.37
2020-10-28,13651.47
2020-10-29,13289
2020-10-30,13458.66
2020-10-31,13564.72
2020-11-01,13810.32
2020-11-02,13758.88
2020-11-03,13575.17
2020-11-04,14023.31
2020-11-05,14155.59
2020-11-06,15591.39
2020-11-07,15595.77
2020-11-08,14839.84
2020-11-09,15490.6
2020-11-10,15328.53
2020-11-11,15317.04
2020-11-12,15708.65
2020-11-13,16295.57
2020-11-14,16339.33
2020-11-15,16091.07
2020-11-16,15968.16
2020-11-17,16725.15
2020-11-18,17679.72
2020-11-19,17798.45
2020-11-20,17820.57
2020-11-21,18687.45
2020-11-22,18699.75
2020-11-23,18422.28
2020-11-24,18398.91
2020-11-25,19172.52
2020-11-26,18739.8
2020-11-27,17151.44
2020-11-28,17138.87
2020-11-29,17732.42
2020-11-30,18191.6
2020-12-01,19709.73
2020-12-02,18792.52
2020-12-03,19226.97
2020-12-04,19454.54
2020-12-05,18670.49
2020-12-06,19155.06
2020-12-07,19377.66
2020-12-08,19181.41
2020-12-09,18318.87
2020-12-10,18554.15
2020-12-11,18247.76
2020-12-12,18029.36
2020-12-13,18803.44
2020-12-14,19164.48
2020-12-15,19276.59
2020-12-16,19439.75
2020-12-17,21379.48
2020-12-18,22847.46
2020-12-19,23150.79
2020-12-20,23869.92
2020-12-21,23490.58
2020-12-22,22745.48
2020-12-23,23824.99
2020-12-24,23253.37
2020-12-25,23715.53
2020-12-26,24693.58
2020-12-27,26443.21
2020-12-28,26246.58
2020-12-29,27036.69
2020-12-30,27376.37
2020-12-31,28856.59
2021-01-01,28982.56
2021-01-02,29393.75
2021-01-03,32195.46
2021-01-04,33000.78
2021-01-05,32035.03
2021-01-06,34046.67
2021-01-07,36860.41
2021-01-08,39486.04
2021-01-09,40670.25
2021-01-10,40240.72
2021-01-11,38240.09
2021-01-12,35544.94
2021-01-13,34011.82
2021-01-14,37393.13
2021-01-15,39158.47
2021-01-16,36828.52
2021-01-17,36065.2
2021-01-18,35793.01
2021-01-19,36632.35
2021-01-20,36020.13
2021-01-21,35538.98
2021-01-22,30797.88
2021-01-23,33002.38
2021-01-24,32099.74
2021-01-25,32276.84
2021-01-26,32243.26
2021-01-27,32541.8
2021-01-28,30419.17
2021-01-29,33403.17
2021-01-30,34314.26
2021-01-31,34318.1
2021-02-01,33136.46
2021-02-02,33522.9
2021-02-03,35529.66
2021-02-04,37676.25
2021-02-05,37002.09
2021-02-06,38278.61
2021-02-07,39323.26
2021-02-08,38928.1
2021-02-09,46364.3
2021-02-10,46589.58
2021-02-11,44878.17
2021-02-12,48013.38
2021-02-13,47471.4
2021-02-14,47185.19
2021-02-15,48720.37
2021-02-16,47951.85
2021-02-17,49160.1
2021-02-18,52118.23
2021-02-19,51608.15
2021-02-20,55916.5
2021-02-21,56001.2
2021-02-22,57487.86
2021-02-23,54123.4
2021-02-24,48880.43
2021-02-25,50624.84
2021-02-26,46800.42
2021-02-27,46340.31
2021-02-28,46155.87
2021-03-01,45113.92
2021-03-02,49618.43
2021-03-03,48356.04
2021-03-04,50477.7
2021-03-05,48448.91
2021-03-06,48861.38
2021-03-07,48881.59
2021-03-08,51169.7
2021-03-09,52299.33
2021-03-10,54881.52
2021-03-11,55997.23
2021-03-12,57764
2021-03-13,57253.28
2021-03-14,61258.73
2021-03-15,59133.47
2021-03-16,55754.72
2021-03-17,56872.38
2021-03-18,58913
2021-03-19,57665.9
2021-03-20,58075.1
2021-03-21,58085.8
2021-03-22,57411.17
2021-03-23,54204.96
2021-03-24,54477.46
2021-03-25,52508.23
2021-03-26,51415.92
2021-03-27,55074.47
2021-03-28,55863.93
2021-03-29,55783.71
2021-03-30,57627.67
2021-03-31,58730.13
2021-04-01,58735.25
2021-04-02,58736.92
2021-04-03,59031.32
2021-04-04,57076.49
2021-04-05,58206.55
2021-04-06,59054.1
2021-04-07,58020.46
2021-04-08,55947.27
2021-04-09,58048.59
2021-04-10,58102.58
2021-04-11,59774
2021-04-12,59964.87
2021-04-13,59834.74
2021-04-14,63554.44
2021-04-15,62969.12
2021-04-16,63252.63
2021-04-17,61455.98
2021-04-18,60087.09
2021-04-19,56251.48
2021-04-20,55703.14
2021-04-21,56507.91
2021-04-22,53808.8
2021-04-23,51731.71
2021-04-24,51153.13
2021-04-25,50110.53
2021-04-26,49075.58
2021-04-27,54056.64
2021-04-28,55071.46
2021-04-29,54884.1
2021-04-30,53584.15
2021-05-01,57796.62
2021-05-02,57857.5
2021-05-03,56610.46
2021-05-04,57213.33
2021-05-05,53241.72
2021-05-06,57473.23
2021-05-07,56428.16
2021-05-08,57380.27
2021-05-09,58928.81
2021-05-10,58280.73
2021-05-11,55883.5
2021-05-12,56750
2021-05-13,49007.09
2021-05-14,49702.27
2021-05-15,49922.52
2021-05-16,46736.58
2021-05-17,46441.64
2021-05-18,43596.24
2021-05-19,42912.19
2021-05-20,36964.27
2021-05-21,40784.32
2021-05-22,37280.35
2021-05-23,37528.3
2021-05-24,34754.54
2021-05-25,38728.59
2021-05-26,38410.5
2021-05-27,39266.04
2021-05-28,38445.29
2021-05-29,35689.62
2021-05-30,34647.67
2021-05-31,35684.59
2021-06-01,37310.54
2021-06-02,36662.64
2021-06-03,37585.24
2021-06-04,39188.59
2021-06-05,36885.51
2021-06-06,35530.38
2021-06-07,35816.17
2021-06-08,33514.87
2021-06-09,33450.19
2021-06-10,37338.36
2021-06-11,36704.57
2021-06-12,37313.18
2021-06-13,35494.9
2021-06-14,39066.82
2021-06-15,40525.8
2021-06-16,40188.56
2021-06-17,38324.87
2021-06-18,38068.04
2021-06-19,35729.82
2021-06-20,35524.17
2021-06-21,35592.35
2021-06-22,31686.55
2021-06-23,32447.59
2021-06-24,33674.66
2021-06-25,34639.38
2021-06-26,31640.58
2021-06-27,32160.91
2021-06-28,34644.45
2021-06-29,34456.67
2021-06-30,35847.7
2021-07-01,35047.36
2021-07-02,33536.88
2021-07-03,33856.86
2021-07-04,34688.98
2021-07-05,35309.3
2021-07-06,33747.97
2021-07-07,34211.01
2021-07-08,33839.04
2021-07-09,32877.41
2021-07-10,33818.52
2021-07-11,33515.57
2021-07-12,34227.64
2021-07-13,33158.25
2021-07-14,32686.56
2021-07-15,32814.61
2021-07-16,31738.59
2021-07-17,31421.25
2021-07-18,31520.66
2021-07-19,31783.49
2021-07-20,30815.94
2021-07-21,29790.24
2021-07-22,32118.06
2021-07-23,32297.89
2021-07-24,33581.63
2021-07-25,34279.34
2021-07-26,35365.2
2021-07-27,37318.14
2021-07-28,39405.95
2021-07-29,40002.53
2021-07-30,40005.93
2021-07-31,42214.15
2021-08-01,41659.06
2021-08-02,40000.46
2021-08-03,39193.94
2021-08-04,38138
2021-08-05,39750.14
2021-08-06,40882
2021-08-07,42825.95
2021-08-08,44634.13
2021-08-09,43816.14
2021-08-10,46333.46
2021-08-11,45608.37
2021-08-12,45611.46
2021-08-13,44417.78
2021-08-14,47833.98
2021-08-15,47112.19
2021-08-16,47056.41
2021-08-17,45982.55
2021-08-18,44648.57
2021-08-19,44777.86
2021-08-20,46734.65
2021-08-21,49327.75
2021-08-22,48932.02
2021-08-23,49335.68
2021-08-24,49523.5
2021-08-25,47744.58
2021-08-26,48972.09
2021-08-27,46962.8
2021-08-28,49056.86
2021-08-29,48897.65
2021-08-30,48806.78
2021-08-31,47074.77
2021-09-01,47155.87
2021-09-02,48862.76
2021-09-03,49329.01
2021-09-04,50035.33
2021-09-05,49947.38
2021-09-06,51769.06
2021-09-07,52677.4
2021-09-08,46809.17
2021-09-09,46078.38
2021-09-10,46368.69
